{"initial_reset_timestamp": 1503767419.642632, "timestamps": [1503767421.736977, 1503767422.105714, 1503767422.169411, 1503767422.190466, 1503767422.201011, 1503767422.237476, 1503767422.287284, 1503767422.323709, 1503767423.357377, 1503767423.421296, 1503767423.4549, 1503767423.494984, 1503767423.519042, 1503767423.544243, 1503767423.581828, 1503767423.616315, 1503767423.648592, 1503767423.708233, 1503767423.754411, 1503767423.779339, 1503767423.827963, 1503767423.879508, 1503767423.903378, 1503767423.927135, 1503767423.95856, 1503767424.001849, 1503767424.042417, 1503767425.471365, 1503767425.577412, 1503767425.635715, 1503767425.683209, 1503767425.728788, 1503767425.760888, 1503767425.790769, 1503767425.837963, 1503767425.88123, 1503767425.90204, 1503767425.934156, 1503767425.972141, 1503767426.000436, 1503767426.048385, 1503767426.104974, 1503767426.163876, 1503767426.21205, 1503767426.252042, 1503767426.315429, 1503767426.366773, 1503767426.416724, 1503767426.453948, 1503767426.488667, 1503767426.545387, 1503767426.596064, 1503767426.637419, 1503767426.682572, 1503767426.720937, 1503767426.771765, 1503767426.835909, 1503767426.89128, 1503767426.948452, 1503767427.002775, 1503767427.066165, 1503767427.116864, 1503767427.178594, 1503767427.254941, 1503767430.654263, 1503767430.768921, 1503767430.821556, 1503767430.895325, 1503767430.964156, 1503767431.028795, 1503767431.105472, 1503767431.179686, 1503767431.248653, 1503767431.317973, 1503767431.39953, 1503767431.480443, 1503767431.558262, 1503767431.629853, 1503767431.706302, 1503767431.78884, 1503767431.855859, 1503767431.915006, 1503767431.983991, 1503767432.061303, 1503767432.127935, 1503767432.171039, 1503767432.223768, 1503767432.284017, 1503767432.33698, 1503767432.393799, 1503767432.460602, 1503767432.531754, 1503767432.61414, 1503767432.695691, 1503767432.753296, 1503767432.809048, 1503767432.879526, 1503767432.946825, 1503767433.03011, 1503767433.110263, 1503767433.190946, 1503767433.271111, 1503767433.352565, 1503767433.435722, 1503767433.51647, 1503767433.597372, 1503767433.66299, 1503767433.727027, 1503767433.80821, 1503767433.88914, 1503767433.9604, 1503767434.030056, 1503767434.112102, 1503767434.19181, 1503767434.275154, 1503767434.355849, 1503767434.436471, 1503767434.503296, 1503767434.568207, 1503767434.647748, 1503767434.727735, 1503767434.793786, 1503767434.858013, 1503767434.939762, 1503767435.020435, 1503767438.421528, 1503767438.537352, 1503767438.601815, 1503767438.673512, 1503767438.741638, 1503767438.809767, 1503767438.87623, 1503767438.958099, 1503767439.039274, 1503767439.120074, 1503767439.201162, 1503767439.28179, 1503767439.363013, 1503767439.444013, 1503767439.525062, 1503767439.606241, 1503767439.689504, 1503767439.770885, 1503767439.836626, 1503767439.902506, 1503767439.983268, 1503767440.063952, 1503767440.145367, 1503767440.227439, 1503767440.308015, 1503767440.389179, 1503767440.470665, 1503767440.551178, 1503767440.626585, 1503767440.703783, 1503767440.787073, 1503767440.868359, 1503767440.948922, 1503767441.029678, 1503767441.110644, 1503767441.191729, 1503767441.272374, 1503767441.353786, 1503767441.432889, 1503767441.511689, 1503767441.595343, 1503767441.676111, 1503767441.757764, 1503767441.838482, 1503767441.91924, 1503767442.000196, 1503767442.080688, 1503767442.161875, 1503767442.242776, 1503767442.323715, 1503767442.404502, 1503767442.485574, 1503767442.566463, 1503767442.647588, 1503767442.728442, 1503767442.809272, 1503767442.890689, 1503767442.971592, 1503767443.052405, 1503767443.133206, 1503767443.214012, 1503767443.295173, 1503767443.375878, 1503767443.456363, 1503767443.537399, 1503767443.618289, 1503767443.699529, 1503767443.780261, 1503767443.86101, 1503767443.942173, 1503767444.022938, 1503767444.104105, 1503767444.184489, 1503767444.265083, 1503767444.348209, 1503767444.430236, 1503767444.511796, 1503767444.592521, 1503767444.673761, 1503767444.754744, 1503767444.835433, 1503767444.916505, 1503767444.997781, 1503767445.079068, 1503767445.147393, 1503767445.213632, 1503767445.29473, 1503767445.375357, 1503767445.454195, 1503767445.53387, 1503767445.614863, 1503767449.005701, 1503767449.135093, 1503767449.21635, 1503767449.29703, 1503767449.37775, 1503767449.458456, 1503767449.539406, 1503767449.620596, 1503767449.701283, 1503767449.782401, 1503767449.863333, 1503767449.943739, 1503767450.024728, 1503767450.105937, 1503767450.186609, 1503767450.249363, 1503767450.288038, 1503767450.344095, 1503767450.425047, 1503767450.506079, 1503767450.586695, 1503767450.667838, 1503767450.748564, 1503767450.829308, 1503767450.912087, 1503767450.99311, 1503767451.073756, 1503767451.154601, 1503767451.235387, 1503767451.3163, 1503767451.397016, 1503767451.477888, 1503767451.558696, 1503767451.639851, 1503767451.720717, 1503767451.801791, 1503767451.882733, 1503767451.963064, 1503767452.04369, 1503767452.124428, 1503767452.205314, 1503767452.285895, 1503767452.366703, 1503767452.447795, 1503767452.52842, 1503767452.6096, 1503767452.690641, 1503767452.771355, 1503767452.852008, 1503767452.932714, 1503767453.013374, 1503767453.094214, 1503767453.174817, 1503767453.255796, 1503767453.336814, 1503767453.4182, 1503767453.499201, 1503767453.579911, 1503767453.660607, 1503767453.741535, 1503767453.822232, 1503767453.903386, 1503767453.983932, 1503767454.064756, 1503767454.145282, 1503767454.225873, 1503767454.306697, 1503767454.387464, 1503767454.468439, 1503767454.548957, 1503767454.629561, 1503767454.710679, 1503767454.792035, 1503767454.872815, 1503767454.953252, 1503767455.03434, 1503767455.115043, 1503767455.195685, 1503767455.276875, 1503767455.357559, 1503767455.438581, 1503767455.519725, 1503767455.600786, 1503767455.681324, 1503767459.030123, 1503767462.396027, 1503767465.762869], "episode_types": ["t", "t", "t", "t", "t", "t", "t", "t", "t", "t", "t", "t", "t", "t", "t", "t", "t", "t", "t", "t", "t", "t", "t", "t", "t", "t", "t", "t", "t", "t", "t", "t", "t", "t", "t", "t", "t", "t", "t", "t", "t", "t", "t", "t", "t", "t", "t", "t", "t", "t", "t", "t", "t", "t", "t", "t", "t", "t", "t", "t", "t", "t", "t", "t", "t", "t", "t", "t", "t", "t", "t", "t", "t", "t", "t", "t", "t", "t", "t", "t", "t", "t", "t", "t", "t", "t", "t", "t", "t", "t", "t", "t", "t", "t", "t", "t", "t", "t", "t", "t", "t", "t", "t", "t", "t", "t", "t", "t", "t", "t", "t", "t", "t", "t", "t", "t", "t", "t", "t", "t", "t", "t", "t", "t", "t", "t", "t", "t", "t", "t", "t", "t", "t", "t", "t", "t", "t", "t", "t", "t", "t", "t", "t", "t", "t", "t", "t", "t", "t", "t", "t", "t", "t", "t", "t", "t", "t", "t", "t", "t", "t", "t", "t", "t", "t", "t", "t", "t", "t", "t", "t", "t", "t", "t", "t", "t", "t", "t", "t", "t", "t", "t", "t", "t", "t", "t", "t", "t", "t", "t", "t", "t", "t", "t", "t", "t", "t", "t", "t", "t", "t", "t", "t", "t", "t", "t", "t", "t", "t", "t", "t", "t", "t", "t", "t", "t", "t", "t", "t", "t", "t", "t", "t", "t", "t", "t", "t", "t", "t", "t", "t", "t", "t", "t", "t", "t", "t", "t", "t", "t", "t", "t", "t", "t", "t", "t", "t", "t", "t", "t", "t", "t", "t", "t", "t", "t", "t", "t", "t", "t", "t", "t", "t", "t", "t", "t", "t", "t", "t", "t", "t", "t", "t", "t", "t", "t", "t", "t", "t", "t", "t", "t", "t", "t", "t", "t", "t", "t", "t", "t", "t", "t", "t", "t", "t", "t", "t", "t", "t", "t", "t", "t", "t"],